customerId,firstName,lastName,active,storeId,addressId,createDate,lastUpdate
601,Casey,Cook,1,7,190,2006-02-15,2006-02-14 22:04:36.000
602,Robin,Douglas,0,7,205,2006-02-15,2006-02-14 22:04:36.000
603,Jim,Davis,1,7,22,2006-02-15,2006-02-14 22:04:36.000
604,Dawn,Gomez,1,7,3,2006-02-15,2006-02-14 22:04:36.000
605,David,Martinez,1,7,171,2006-02-15,2006-02-14 22:04:36.000
606,Bonnie,Mendez,1,7,26,2006-02-15,2006-02-14 22:04:36.000
607,Charles,Garcia,1,7,148,2006-02-15,2006-02-14 22:04:36.000
608,Paul,Harris,1,7,26,2006-02-15,2006-02-14 22:04:36.000
609,Daniel,Ward,1,7,188,2006-02-15,2006-02-14 22:04:36.000
610,Michelle,Gomez,1,7,174,2006-02-15,2006-02-14 22:04:36.000
611,David,Garrett,0,7,155,2006-02-15,2006-02-14 22:04:36.000
612,Raven,Mclaughlin,1,7,200,2006-02-15,2006-02-14 22:04:36.000
613,Cassandra,Wheeler,1,7,100,2006-02-15,2006-02-14 22:04:36.000
614,Angel,Parker,1,7,113,2006-02-15,2006-02-14 22:04:36.000
615,Jeffery,Nelson,1,7,114,2006-02-15,2006-02-14 22:04:36.000
616,Tyler,Kim,1,7,175,2006-02-15,2006-02-14 22:04:36.000
617,Michael,Shepherd,0,7,83,2006-02-15,2006-02-14 22:04:36.000
618,Cheryl,Adams,1,7,28,2006-02-15,2006-02-14 22:04:36.000
619,Darlene,Mills,1,7,218,2006-02-15,2006-02-14 22:04:36.000
620,Nicholas,Beck,1,7,193,2006-02-15,2006-02-14 22:04:36.000
621,Tyler,Rogers,0,7,92,2006-02-15,2006-02-14 22:04:36.000
622,William,Chapman,1,7,54,2006-02-15,2006-02-14 22:04:36.000
623,Michael,Navarro,0,7,214,2006-02-15,2006-02-14 22:04:36.000
624,Jake,Hernandez,1,7,156,2006-02-15,2006-02-14 22:04:36.000
625,Jessica,Andersen,1,7,212,2006-02-15,2006-02-14 22:04:36.000
626,Dustin,Haynes,1,7,8,2006-02-15,2006-02-14 22:04:36.000
627,Ashley,Nelson,1,7,12,2006-02-15,2006-02-14 22:04:36.000
628,Samuel,Williams,1,7,34,2006-02-15,2006-02-14 22:04:36.000
629,James,Cardenas,1,7,183,2006-02-15,2006-02-14 22:04:36.000
630,Kim,Durham,1,7,55,2006-02-15,2006-02-14 22:04:36.000
631,Tommy,Graham,0,7,245,2006-02-15,2006-02-14 22:04:36.000
632,Ashley,Nelson,1,7,151,2006-02-15,2006-02-14 22:04:36.000
633,Tyler,Glenn,1,7,5,2006-02-15,2006-02-14 22:04:36.000
634,Gavin,Garcia,1,7,71,2006-02-15,2006-02-14 22:04:36.000
635,Jacob,Lewis,1,7,84,2006-02-15,2006-02-14 22:04:36.000
636,Jennifer,Rice,1,7,172,2006-02-15,2006-02-14 22:04:36.000
637,Amy,Hendricks,1,7,123,2006-02-15,2006-02-14 22:04:36.000
638,Lisa,Alexander,1,7,157,2006-02-15,2006-02-14 22:04:36.000
639,Daniel,Wagner,1,7,224,2006-02-15,2006-02-14 22:04:36.000
640,Margaret,Dixon,1,7,23,2006-02-15,2006-02-14 22:04:36.000
641,Jacob,Murray,1,7,61,2006-02-15,2006-02-14 22:04:36.000
642,Keith,Hernandez,0,7,189,2006-02-15,2006-02-14 22:04:36.000
643,James,Baldwin,1,7,137,2006-02-15,2006-02-14 22:04:36.000
644,Eric,Clayton,1,7,87,2006-02-15,2006-02-14 22:04:36.000
645,Cynthia,Everett,1,7,117,2006-02-15,2006-02-14 22:04:36.000
646,Roger,Dunn,1,7,51,2006-02-15,2006-02-14 22:04:36.000
647,Andrew,Jordan,1,7,178,2006-02-15,2006-02-14 22:04:36.000
648,Karen,Marsh,0,7,3,2006-02-15,2006-02-14 22:04:36.000
649,Thomas,Stuart,0,7,5,2006-02-15,2006-02-14 22:04:36.000
650,Thomas,Mcgee,1,7,13,2006-02-15,2006-02-14 22:04:36.000
651,David,Williams,0,7,89,2006-02-15,2006-02-14 22:04:36.000
652,Robert,Kelley,1,7,184,2006-02-15,2006-02-14 22:04:36.000
653,Keith,Logan,1,7,149,2006-02-15,2006-02-14 22:04:36.000
654,Ryan,Mills,1,7,112,2006-02-15,2006-02-14 22:04:36.000
655,Lauren,Perkins,1,7,2,2006-02-15,2006-02-14 22:04:36.000
656,John,Reyes,1,7,159,2006-02-15,2006-02-14 22:04:36.000
657,Timothy,Miller,1,7,77,2006-02-15,2006-02-14 22:04:36.000
658,Lawrence,Martinez,1,7,158,2006-02-15,2006-02-14 22:04:36.000
659,Rose,Warner,1,7,111,2006-02-15,2006-02-14 22:04:36.000
660,Carlos,Hoffman,0,7,241,2006-02-15,2006-02-14 22:04:36.000
661,Susan,Avery,1,7,47,2006-02-15,2006-02-14 22:04:36.000
662,Scott,Brooks,0,7,198,2006-02-15,2006-02-14 22:04:36.000
663,Amanda,Keith,0,7,80,2006-02-15,2006-02-14 22:04:36.000
664,Megan,Miller,0,7,88,2006-02-15,2006-02-14 22:04:36.000
665,David,Lee,0,7,134,2006-02-15,2006-02-14 22:04:36.000
666,Nicholas,Thomas,1,7,200,2006-02-15,2006-02-14 22:04:36.000
667,Rodney,Wilson,1,7,37,2006-02-15,2006-02-14 22:04:36.000
668,Kari,Walsh,1,7,4,2006-02-15,2006-02-14 22:04:36.000
669,Sarah,Acosta,1,7,251,2006-02-15,2006-02-14 22:04:36.000
670,Jason,Torres,1,7,199,2006-02-15,2006-02-14 22:04:36.000
671,Andrew,Newton,1,7,26,2006-02-15,2006-02-14 22:04:36.000
672,Amber,Silva,0,7,77,2006-02-15,2006-02-14 22:04:36.000
673,Sean,Kim,1,7,97,2006-02-15,2006-02-14 22:04:36.000
674,Shannon,Mcpherson,0,7,39,2006-02-15,2006-02-14 22:04:36.000
675,Nathan,Lynn,1,7,53,2006-02-15,2006-02-14 22:04:36.000
676,Michael,Reeves,1,7,217,2006-02-15,2006-02-14 22:04:36.000
677,Wendy,Robinson,0,7,190,2006-02-15,2006-02-14 22:04:36.000
678,Eric,Pierce,1,7,198,2006-02-15,2006-02-14 22:04:36.000
679,Maria,Butler,1,7,132,2006-02-15,2006-02-14 22:04:36.000
680,Nicholas,Barrera,1,7,133,2006-02-15,2006-02-14 22:04:36.000
681,Tristan,Wade,0,7,175,2006-02-15,2006-02-14 22:04:36.000
682,Rebecca,Wade,1,7,212,2006-02-15,2006-02-14 22:04:36.000
683,Christopher,Wilcox,1,7,222,2006-02-15,2006-02-14 22:04:36.000
684,Jody,Stevens,1,7,107,2006-02-15,2006-02-14 22:04:36.000
685,Jeffrey,Evans,1,7,140,2006-02-15,2006-02-14 22:04:36.000
686,Aaron,Schwartz,1,7,243,2006-02-15,2006-02-14 22:04:36.000
687,David,Taylor,1,7,9,2006-02-15,2006-02-14 22:04:36.000
688,James,Franklin,0,7,31,2006-02-15,2006-02-14 22:04:36.000
689,Willie,Wiley,1,7,26,2006-02-15,2006-02-14 22:04:36.000
690,Sarah,Thompson,1,7,196,2006-02-15,2006-02-14 22:04:36.000
691,Joshua,Cobb,1,7,189,2006-02-15,2006-02-14 22:04:36.000
692,Marvin,Miller,0,7,27,2006-02-15,2006-02-14 22:04:36.000
693,Janet,Tran,1,7,130,2006-02-15,2006-02-14 22:04:36.000
694,Wayne,Buck,1,7,162,2006-02-15,2006-02-14 22:04:36.000
695,Mary,Jones,1,7,203,2006-02-15,2006-02-14 22:04:36.000
696,Luis,Graves,1,7,243,2006-02-15,2006-02-14 22:04:36.000
697,Warren,Delacruz,1,7,221,2006-02-15,2006-02-14 22:04:36.000
698,Desiree,Hansen,0,7,139,2006-02-15,2006-02-14 22:04:36.000
699,Joseph,Reyes,0,7,252,2006-02-15,2006-02-14 22:04:36.000
700,Erin,Lopez,0,7,31,2006-02-15,2006-02-14 22:04:36.000
701,Christopher,Valencia,1,7,137,2006-02-15,2006-02-14 22:04:36.000
702,Katherine,Lane,0,7,35,2006-02-15,2006-02-14 22:04:36.000
703,Ryan,Reynolds,1,7,17,2006-02-15,2006-02-14 22:04:36.000
704,Angela,West,0,7,123,2006-02-15,2006-02-14 22:04:36.000
705,Tara,Underwood,1,7,150,2006-02-15,2006-02-14 22:04:36.000
706,Brandi,Harvey,1,7,2,2006-02-15,2006-02-14 22:04:36.000
707,Jason,Yates,0,7,115,2006-02-15,2006-02-14 22:04:36.000
708,Justin,Schwartz,1,7,87,2006-02-15,2006-02-14 22:04:36.000
709,Danielle,Rodriguez,0,7,250,2006-02-15,2006-02-14 22:04:36.000
710,Aaron,Kelley,1,7,140,2006-02-15,2006-02-14 22:04:36.000
711,Courtney,Obrien,1,7,46,2006-02-15,2006-02-14 22:04:36.000
712,Melinda,Mathis,0,7,29,2006-02-15,2006-02-14 22:04:36.000
713,Cynthia,Jones,0,7,118,2006-02-15,2006-02-14 22:04:36.000
714,Robert,Mcmillan,1,7,35,2006-02-15,2006-02-14 22:04:36.000
715,Gregory,White,1,7,39,2006-02-15,2006-02-14 22:04:36.000
716,Monique,Kirby,1,7,8,2006-02-15,2006-02-14 22:04:36.000
717,Edward,Mendoza,0,7,211,2006-02-15,2006-02-14 22:04:36.000
718,Andrew,Thompson,1,7,154,2006-02-15,2006-02-14 22:04:36.000
719,Morgan,Knight,1,7,241,2006-02-15,2006-02-14 22:04:36.000
720,Jessica,Warner,1,7,175,2006-02-15,2006-02-14 22:04:36.000
721,Thomas,Brooks,1,7,127,2006-02-15,2006-02-14 22:04:36.000
722,Ronald,Torres,1,7,63,2006-02-15,2006-02-14 22:04:36.000
723,Vincent,Mora,0,7,19,2006-02-15,2006-02-14 22:04:36.000
724,Katherine,Mitchell,1,7,128,2006-02-15,2006-02-14 22:04:36.000
725,Bob,Steele,1,7,172,2006-02-15,2006-02-14 22:04:36.000
726,Joshua,Werner,1,7,61,2006-02-15,2006-02-14 22:04:36.000
727,Richard,Hoffman,1,7,196,2006-02-15,2006-02-14 22:04:36.000
728,Christopher,Owens,1,7,49,2006-02-15,2006-02-14 22:04:36.000
729,Susan,Smith,1,7,161,2006-02-15,2006-02-14 22:04:36.000
730,John,White,1,7,164,2006-02-15,2006-02-14 22:04:36.000
731,Kelly,Gilmore,0,7,255,2006-02-15,2006-02-14 22:04:36.000
732,Karen,Walker,1,7,104,2006-02-15,2006-02-14 22:04:36.000
733,Denise,Oliver,1,7,234,2006-02-15,2006-02-14 22:04:36.000
734,Claire,Davis,1,7,172,2006-02-15,2006-02-14 22:04:36.000
735,Donna,Curtis,1,7,118,2006-02-15,2006-02-14 22:04:36.000
736,Melanie,Macdonald,1,7,78,2006-02-15,2006-02-14 22:04:36.000
737,Nicholas,Phillips,1,7,249,2006-02-15,2006-02-14 22:04:36.000
738,Jennifer,Larson,1,7,132,2006-02-15,2006-02-14 22:04:36.000
739,Tony,Jones,1,7,191,2006-02-15,2006-02-14 22:04:36.000
740,Teresa,West,1,7,222,2006-02-15,2006-02-14 22:04:36.000
741,William,Delgado,1,7,50,2006-02-15,2006-02-14 22:04:36.000
742,Sarah,Brock,0,7,187,2006-02-15,2006-02-14 22:04:36.000
743,Krystal,Charles,1,7,23,2006-02-15,2006-02-14 22:04:36.000
744,Maurice,Brown,1,7,145,2006-02-15,2006-02-14 22:04:36.000
745,Nicholas,King,1,7,38,2006-02-15,2006-02-14 22:04:36.000
746,Michael,Matthews,1,7,166,2006-02-15,2006-02-14 22:04:36.000
747,Kristen,Wheeler,1,7,37,2006-02-15,2006-02-14 22:04:36.000
748,Jessica,Sosa,1,7,230,2006-02-15,2006-02-14 22:04:36.000
749,Kevin,Hines,0,7,36,2006-02-15,2006-02-14 22:04:36.000
750,Patrick,Brock,1,7,188,2006-02-15,2006-02-14 22:04:36.000
751,Christopher,Jordan,0,7,193,2006-02-15,2006-02-14 22:04:36.000
752,Cheryl,Hawkins,1,7,128,2006-02-15,2006-02-14 22:04:36.000
753,Madison,Rodriguez,0,7,75,2006-02-15,2006-02-14 22:04:36.000
754,Jermaine,Jackson,1,7,24,2006-02-15,2006-02-14 22:04:36.000
755,Clayton,Shields,0,7,64,2006-02-15,2006-02-14 22:04:36.000
756,Melissa,Holmes,1,7,214,2006-02-15,2006-02-14 22:04:36.000
757,Jason,Hughes,1,7,205,2006-02-15,2006-02-14 22:04:36.000
758,Nathaniel,Garcia,0,7,44,2006-02-15,2006-02-14 22:04:36.000
759,Kristin,Williams,1,7,152,2006-02-15,2006-02-14 22:04:36.000
760,Joseph,Hartman,1,7,28,2006-02-15,2006-02-14 22:04:36.000
761,Jodi,Gonzalez,1,7,216,2006-02-15,2006-02-14 22:04:36.000
762,Troy,Diaz,1,7,131,2006-02-15,2006-02-14 22:04:36.000
763,Scott,Gomez,1,7,251,2006-02-15,2006-02-14 22:04:36.000
764,Stephanie,Freeman,1,7,152,2006-02-15,2006-02-14 22:04:36.000
765,Carly,Hayes,1,7,72,2006-02-15,2006-02-14 22:04:36.000
766,April,King,1,7,201,2006-02-15,2006-02-14 22:04:36.000
767,Danielle,Valdez,1,7,190,2006-02-15,2006-02-14 22:04:36.000
768,Laura,Duran,1,7,213,2006-02-15,2006-02-14 22:04:36.000
769,Robert,Wyatt,1,7,158,2006-02-15,2006-02-14 22:04:36.000
770,Latoya,Barnett,1,7,162,2006-02-15,2006-02-14 22:04:36.000
771,Amy,Waters,1,7,209,2006-02-15,2006-02-14 22:04:36.000
772,Eric,Long,1,7,95,2006-02-15,2006-02-14 22:04:36.000
773,Philip,Castro,0,7,74,2006-02-15,2006-02-14 22:04:36.000
774,Angela,York,1,7,161,2006-02-15,2006-02-14 22:04:36.000
775,James,Beltran,0,7,113,2006-02-15,2006-02-14 22:04:36.000
776,Laurie,King,1,7,195,2006-02-15,2006-02-14 22:04:36.000
777,Richard,Kennedy,1,7,73,2006-02-15,2006-02-14 22:04:36.000
778,Stacey,Rice,1,7,127,2006-02-15,2006-02-14 22:04:36.000
779,Kimberly,Romero,0,7,71,2006-02-15,2006-02-14 22:04:36.000
780,Jared,Grimes,1,7,168,2006-02-15,2006-02-14 22:04:36.000
781,Jose,Allen,1,7,36,2006-02-15,2006-02-14 22:04:36.000
782,Emily,Willis,1,7,222,2006-02-15,2006-02-14 22:04:36.000
783,Elizabeth,Bowman,1,7,74,2006-02-15,2006-02-14 22:04:36.000
784,Jared,Long,0,7,94,2006-02-15,2006-02-14 22:04:36.000
785,David,White,1,7,109,2006-02-15,2006-02-14 22:04:36.000
786,Laura,Collins,1,7,179,2006-02-15,2006-02-14 22:04:36.000
787,Matthew,Anderson,0,7,11,2006-02-15,2006-02-14 22:04:36.000
788,Mitchell,Miranda,1,7,1,2006-02-15,2006-02-14 22:04:36.000
789,Katrina,Kelly,1,7,152,2006-02-15,2006-02-14 22:04:36.000
790,Nicholas,Velez,0,7,234,2006-02-15,2006-02-14 22:04:36.000
791,Emily,Brooks,1,7,122,2006-02-15,2006-02-14 22:04:36.000
792,Melissa,Navarro,0,7,247,2006-02-15,2006-02-14 22:04:36.000
793,Denise,Smith,1,7,64,2006-02-15,2006-02-14 22:04:36.000
794,Brittany,Miller,1,7,22,2006-02-15,2006-02-14 22:04:36.000
795,Tyler,Koch,0,7,99,2006-02-15,2006-02-14 22:04:36.000
796,Daniel,Farmer,0,7,139,2006-02-15,2006-02-14 22:04:36.000
797,Sydney,Burke,1,7,5,2006-02-15,2006-02-14 22:04:36.000
798,Vincent,Willis,1,7,252,2006-02-15,2006-02-14 22:04:36.000
799,Valerie,Wu,0,7,1,2006-02-15,2006-02-14 22:04:36.000
800,Derrick,Johnston,1,7,194,2006-02-15,2006-02-14 22:04:36.000
801,Mark,Campbell,1,7,185,2006-02-15,2006-02-14 22:04:36.000
802,Russell,Haynes,1,7,34,2006-02-15,2006-02-14 22:04:36.000
803,Ashley,Henry,0,7,142,2006-02-15,2006-02-14 22:04:36.000
804,George,Bennett,0,7,199,2006-02-15,2006-02-14 22:04:36.000
805,Angela,Collins,1,7,100,2006-02-15,2006-02-14 22:04:36.000
806,Douglas,Christian,1,7,23,2006-02-15,2006-02-14 22:04:36.000
807,Cassandra,James,0,7,206,2006-02-15,2006-02-14 22:04:36.000
808,Matthew,Young,0,7,30,2006-02-15,2006-02-14 22:04:36.000
809,Ray,Morris,0,7,125,2006-02-15,2006-02-14 22:04:36.000
810,Jacob,Cordova,1,7,154,2006-02-15,2006-02-14 22:04:36.000
811,Mary,Moore,1,7,49,2006-02-15,2006-02-14 22:04:36.000
812,Amanda,Coleman,1,7,44,2006-02-15,2006-02-14 22:04:36.000
813,Stephanie,Knight,1,7,43,2006-02-15,2006-02-14 22:04:36.000
814,John,Richardson,1,7,18,2006-02-15,2006-02-14 22:04:36.000
815,Jason,Townsend,0,7,2,2006-02-15,2006-02-14 22:04:36.000
816,Sarah,Smith,0,7,243,2006-02-15,2006-02-14 22:04:36.000
817,Annette,Reynolds,1,7,117,2006-02-15,2006-02-14 22:04:36.000
818,Christopher,Webster,0,7,112,2006-02-15,2006-02-14 22:04:36.000
819,Jerome,Mitchell,1,7,112,2006-02-15,2006-02-14 22:04:36.000
820,Mitchell,Rodriguez,1,7,256,2006-02-15,2006-02-14 22:04:36.000
821,Justin,Cunningham,0,7,167,2006-02-15,2006-02-14 22:04:36.000
822,Savannah,Morris,1,7,31,2006-02-15,2006-02-14 22:04:36.000
823,Gregory,Lee,1,7,248,2006-02-15,2006-02-14 22:04:36.000
824,Kevin,Campbell,1,7,148,2006-02-15,2006-02-14 22:04:36.000
825,David,Davis,1,7,248,2006-02-15,2006-02-14 22:04:36.000
826,Leonard,Harris,0,7,48,2006-02-15,2006-02-14 22:04:36.000
827,Heather,Wise,1,7,125,2006-02-15,2006-02-14 22:04:36.000
828,Heather,Jackson,0,7,206,2006-02-15,2006-02-14 22:04:36.000
829,Eric,Little,1,7,190,2006-02-15,2006-02-14 22:04:36.000
830,William,House,1,7,197,2006-02-15,2006-02-14 22:04:36.000
831,Amanda,Grimes,1,7,140,2006-02-15,2006-02-14 22:04:36.000
832,Samantha,Shelton,1,7,20,2006-02-15,2006-02-14 22:04:36.000
833,Diane,Mathews,1,7,230,2006-02-15,2006-02-14 22:04:36.000
834,Susan,Bell,1,7,166,2006-02-15,2006-02-14 22:04:36.000
835,Robert,Walls,1,7,189,2006-02-15,2006-02-14 22:04:36.000
836,Monica,Parker,1,7,3,2006-02-15,2006-02-14 22:04:36.000
837,Ray,Price,1,7,25,2006-02-15,2006-02-14 22:04:36.000
838,Laurie,Kelly,1,7,68,2006-02-15,2006-02-14 22:04:36.000
839,William,Weber,1,7,160,2006-02-15,2006-02-14 22:04:36.000
840,Megan,Sims,0,7,117,2006-02-15,2006-02-14 22:04:36.000
841,Jamie,Roy,0,7,98,2006-02-15,2006-02-14 22:04:36.000
842,Joshua,Schultz,1,7,71,2006-02-15,2006-02-14 22:04:36.000
843,Daniel,Webster,0,7,174,2006-02-15,2006-02-14 22:04:36.000
844,Steven,Flowers,1,7,30,2006-02-15,2006-02-14 22:04:36.000
845,Christopher,Ramos,1,7,57,2006-02-15,2006-02-14 22:04:36.000
846,Mallory,Walker,1,7,22,2006-02-15,2006-02-14 22:04:36.000
847,Robert,Richardson,1,7,50,2006-02-15,2006-02-14 22:04:36.000
848,Carla,Miller,0,7,209,2006-02-15,2006-02-14 22:04:36.000
849,Sarah,Day,1,7,141,2006-02-15,2006-02-14 22:04:36.000
850,Chase,Warner,1,7,256,2006-02-15,2006-02-14 22:04:36.000
851,Anne,Thompson,1,7,98,2006-02-15,2006-02-14 22:04:36.000
852,Troy,Reynolds,1,7,121,2006-02-15,2006-02-14 22:04:36.000
853,Kimberly,Roberts,1,7,127,2006-02-15,2006-02-14 22:04:36.000
854,Krystal,Warren,1,7,71,2006-02-15,2006-02-14 22:04:36.000
855,Joseph,Turner,1,7,10,2006-02-15,2006-02-14 22:04:36.000
856,Robert,Mullins,0,7,22,2006-02-15,2006-02-14 22:04:36.000
857,Carla,Raymond,1,7,202,2006-02-15,2006-02-14 22:04:36.000
858,Kenneth,Martinez,0,7,190,2006-02-15,2006-02-14 22:04:36.000
859,Mary,Haynes,0,7,236,2006-02-15,2006-02-14 22:04:36.000
860,Jamie,Griffin,1,7,208,2006-02-15,2006-02-14 22:04:36.000
861,George,Weaver,1,7,149,2006-02-15,2006-02-14 22:04:36.000
862,Peter,Martinez,1,7,220,2006-02-15,2006-02-14 22:04:36.000
863,Tracie,Jenkins,1,7,11,2006-02-15,2006-02-14 22:04:36.000
864,Krista,Mason,1,7,255,2006-02-15,2006-02-14 22:04:36.000
865,Raymond,Barrett,1,7,61,2006-02-15,2006-02-14 22:04:36.000
866,Amy,Medina,0,7,63,2006-02-15,2006-02-14 22:04:36.000
867,Melissa,Pacheco,1,7,160,2006-02-15,2006-02-14 22:04:36.000
868,Melissa,Vaughn,1,7,31,2006-02-15,2006-02-14 22:04:36.000
869,Rodney,Smith,0,7,23,2006-02-15,2006-02-14 22:04:36.000
870,Charlene,Sanders,0,7,20,2006-02-15,2006-02-14 22:04:36.000
871,Kristin,Harrell,1,7,37,2006-02-15,2006-02-14 22:04:36.000
872,Matthew,Anderson,1,7,189,2006-02-15,2006-02-14 22:04:36.000
873,Jacqueline,Guerra,1,7,23,2006-02-15,2006-02-14 22:04:36.000
874,April,Wood,1,7,34,2006-02-15,2006-02-14 22:04:36.000
875,Dylan,Myers,1,7,168,2006-02-15,2006-02-14 22:04:36.000
876,David,Brown,1,7,29,2006-02-15,2006-02-14 22:04:36.000
877,Laura,Nunez,1,7,125,2006-02-15,2006-02-14 22:04:36.000
878,Bobby,Mays,1,7,31,2006-02-15,2006-02-14 22:04:36.000
879,Brett,Shepherd,0,7,19,2006-02-15,2006-02-14 22:04:36.000
880,Joseph,Meza,1,7,11,2006-02-15,2006-02-14 22:04:36.000
881,Tracey,Colon,1,7,31,2006-02-15,2006-02-14 22:04:36.000
882,Martha,Schwartz,1,7,65,2006-02-15,2006-02-14 22:04:36.000
883,Sara,Thompson,1,7,232,2006-02-15,2006-02-14 22:04:36.000
884,John,Moore,1,7,186,2006-02-15,2006-02-14 22:04:36.000
885,Matthew,Patterson,0,7,177,2006-02-15,2006-02-14 22:04:36.000
886,Nathan,Ramos,1,7,85,2006-02-15,2006-02-14 22:04:36.000
887,Connor,Reyes,1,7,102,2006-02-15,2006-02-14 22:04:36.000
888,Emma,Cunningham,0,7,39,2006-02-15,2006-02-14 22:04:36.000
889,Daniel,Clark,1,7,5,2006-02-15,2006-02-14 22:04:36.000
890,James,Munoz,1,7,89,2006-02-15,2006-02-14 22:04:36.000
891,Christopher,Lopez,1,7,180,2006-02-15,2006-02-14 22:04:36.000
892,Betty,Ortiz,1,7,24,2006-02-15,2006-02-14 22:04:36.000
893,Jeff,Smith,1,7,8,2006-02-15,2006-02-14 22:04:36.000
894,Jessica,Massey,1,7,8,2006-02-15,2006-02-14 22:04:36.000
895,Amy,Turner,1,7,128,2006-02-15,2006-02-14 22:04:36.000
896,Michael,Lyons,1,7,123,2006-02-15,2006-02-14 22:04:36.000
897,Sarah,Yang,0,7,50,2006-02-15,2006-02-14 22:04:36.000
898,Jennifer,Hayes,1,7,131,2006-02-15,2006-02-14 22:04:36.000
899,Nathan,Wood,1,7,225,2006-02-15,2006-02-14 22:04:36.000
900,Aaron,Wiggins,0,7,256,2006-02-15,2006-02-14 22:04:36.000
901,Anthony,Griffith,1,7,136,2006-02-15,2006-02-14 22:04:36.000
902,Dana,Figueroa,1,7,62,2006-02-15,2006-02-14 22:04:36.000
903,Madeline,Roy,1,7,180,2006-02-15,2006-02-14 22:04:36.000
904,Alexis,Rivera,1,7,94,2006-02-15,2006-02-14 22:04:36.000
905,Mitchell,Williams,1,7,80,2006-02-15,2006-02-14 22:04:36.000
906,Mark,Wells,1,7,112,2006-02-15,2006-02-14 22:04:36.000
907,Natasha,Arnold,1,7,178,2006-02-15,2006-02-14 22:04:36.000
908,Emily,Werner,0,7,186,2006-02-15,2006-02-14 22:04:36.000
909,Mark,Contreras,0,7,254,2006-02-15,2006-02-14 22:04:36.000
910,Amber,Castillo,1,7,90,2006-02-15,2006-02-14 22:04:36.000
911,Nicholas,Thompson,1,7,232,2006-02-15,2006-02-14 22:04:36.000
912,Marie,Smith,1,7,12,2006-02-15,2006-02-14 22:04:36.000
913,Joel,Miller,1,7,190,2006-02-15,2006-02-14 22:04:36.000
914,Kristina,Davidson,1,7,135,2006-02-15,2006-02-14 22:04:36.000
915,Crystal,Johnson,1,7,52,2006-02-15,2006-02-14 22:04:36.000
916,Kyle,Hernandez,1,7,223,2006-02-15,2006-02-14 22:04:36.000
917,Kristin,Bass,0,7,57,2006-02-15,2006-02-14 22:04:36.000
918,Nicole,French,1,7,15,2006-02-15,2006-02-14 22:04:36.000
919,Cody,Mccoy,1,7,160,2006-02-15,2006-02-14 22:04:36.000
920,Geoffrey,Park,0,7,155,2006-02-15,2006-02-14 22:04:36.000
921,Mark,Fowler,0,7,134,2006-02-15,2006-02-14 22:04:36.000
922,Charles,Holloway,1,7,43,2006-02-15,2006-02-14 22:04:36.000
923,Jennifer,Davila,1,7,134,2006-02-15,2006-02-14 22:04:36.000
924,Steven,Johnson,1,7,129,2006-02-15,2006-02-14 22:04:36.000
925,Mark,Stone,0,7,14,2006-02-15,2006-02-14 22:04:36.000
926,Nancy,Cline,1,7,216,2006-02-15,2006-02-14 22:04:36.000
927,Emily,Brooks,1,7,218,2006-02-15,2006-02-14 22:04:36.000
928,Karen,Alexander,1,7,208,2006-02-15,2006-02-14 22:04:36.000
929,Christine,Phillips,1,7,185,2006-02-15,2006-02-14 22:04:36.000
930,Megan,Osborne,1,7,14,2006-02-15,2006-02-14 22:04:36.000
931,Stefanie,Choi,1,7,7,2006-02-15,2006-02-14 22:04:36.000
932,Danielle,Johnson,1,7,76,2006-02-15,2006-02-14 22:04:36.000
933,Carlos,Moss,0,7,73,2006-02-15,2006-02-14 22:04:36.000
934,Russell,Nichols,1,7,145,2006-02-15,2006-02-14 22:04:36.000
935,Carlos,Fischer,1,7,2,2006-02-15,2006-02-14 22:04:36.000
936,Rebecca,Atkins,1,7,11,2006-02-15,2006-02-14 22:04:36.000
937,Andrew,Smith,1,7,175,2006-02-15,2006-02-14 22:04:36.000
938,Andrea,Serrano,1,7,193,2006-02-15,2006-02-14 22:04:36.000
939,Erik,Lamb,1,7,50,2006-02-15,2006-02-14 22:04:36.000
940,April,Taylor,1,7,49,2006-02-15,2006-02-14 22:04:36.000
941,Andrew,Taylor,1,7,72,2006-02-15,2006-02-14 22:04:36.000
942,Julie,Davis,0,7,140,2006-02-15,2006-02-14 22:04:36.000
943,William,Mccullough,1,7,120,2006-02-15,2006-02-14 22:04:36.000
944,Victoria,Martin,0,7,209,2006-02-15,2006-02-14 22:04:36.000
945,Nicole,Cummings,1,7,147,2006-02-15,2006-02-14 22:04:36.000
946,Steven,Richardson,1,7,190,2006-02-15,2006-02-14 22:04:36.000
947,Michelle,Stuart,1,7,88,2006-02-15,2006-02-14 22:04:36.000
948,David,Calderon,1,7,197,2006-02-15,2006-02-14 22:04:36.000
949,Dale,Lawson,0,7,32,2006-02-15,2006-02-14 22:04:36.000
950,Ronald,Young,0,7,235,2006-02-15,2006-02-14 22:04:36.000
951,Daniel,Dorsey,1,7,62,2006-02-15,2006-02-14 22:04:36.000
952,Molly,Cummings,1,7,140,2006-02-15,2006-02-14 22:04:36.000
953,Jackie,Steele,1,7,176,2006-02-15,2006-02-14 22:04:36.000
954,Jennifer,Vasquez,1,7,169,2006-02-15,2006-02-14 22:04:36.000
955,Samuel,Thompson,1,7,30,2006-02-15,2006-02-14 22:04:36.000
956,Steven,Garrison,1,7,97,2006-02-15,2006-02-14 22:04:36.000
957,Troy,Swanson,1,7,115,2006-02-15,2006-02-14 22:04:36.000
958,David,Harper,0,7,90,2006-02-15,2006-02-14 22:04:36.000
959,Daniel,Watts,0,7,49,2006-02-15,2006-02-14 22:04:36.000
960,Devon,Williams,1,7,51,2006-02-15,2006-02-14 22:04:36.000
961,Mark,Martin,1,7,76,2006-02-15,2006-02-14 22:04:36.000
962,Dale,Jones,1,7,34,2006-02-15,2006-02-14 22:04:36.000
963,Kimberly,Smith,1,7,125,2006-02-15,2006-02-14 22:04:36.000
964,Lawrence,Scott,1,7,253,2006-02-15,2006-02-14 22:04:36.000
965,Danielle,Mejia,0,7,201,2006-02-15,2006-02-14 22:04:36.000
966,Gary,York,1,7,98,2006-02-15,2006-02-14 22:04:36.000
967,Thomas,Rodriguez,1,7,56,2006-02-15,2006-02-14 22:04:36.000
968,Edward,Williams,1,7,40,2006-02-15,2006-02-14 22:04:36.000
969,Corey,Flores,1,7,62,2006-02-15,2006-02-14 22:04:36.000
970,Jacqueline,Smith,1,7,212,2006-02-15,2006-02-14 22:04:36.000
971,Amy,Anderson,1,7,77,2006-02-15,2006-02-14 22:04:36.000
972,William,Lawrence,1,7,55,2006-02-15,2006-02-14 22:04:36.000
973,Whitney,Williams,1,7,27,2006-02-15,2006-02-14 22:04:36.000
974,Christopher,Davis,1,7,156,2006-02-15,2006-02-14 22:04:36.000
975,Nancy,Drake,1,7,212,2006-02-15,2006-02-14 22:04:36.000
976,Jessica,Green,1,7,88,2006-02-15,2006-02-14 22:04:36.000
977,Adrian,White,1,7,95,2006-02-15,2006-02-14 22:04:36.000
978,Tiffany,Reyes,0,7,205,2006-02-15,2006-02-14 22:04:36.000
979,Daniel,Munoz,1,7,97,2006-02-15,2006-02-14 22:04:36.000
980,Mark,David,0,7,187,2006-02-15,2006-02-14 22:04:36.000
981,Rhonda,Simon,0,7,57,2006-02-15,2006-02-14 22:04:36.000
982,Eric,Lloyd,0,7,134,2006-02-15,2006-02-14 22:04:36.000
983,Joshua,Savage,1,7,185,2006-02-15,2006-02-14 22:04:36.000
984,Danielle,Davis,1,7,9,2006-02-15,2006-02-14 22:04:36.000
985,David,Johnson,1,7,141,2006-02-15,2006-02-14 22:04:36.000
986,Lori,Taylor,0,7,25,2006-02-15,2006-02-14 22:04:36.000
987,Stacy,Reynolds,0,7,20,2006-02-15,2006-02-14 22:04:36.000
988,Jasmine,Brown,0,7,182,2006-02-15,2006-02-14 22:04:36.000
989,Cody,Rose,1,7,167,2006-02-15,2006-02-14 22:04:36.000
990,Devin,Brown,1,7,142,2006-02-15,2006-02-14 22:04:36.000
991,Heather,Elliott,1,7,1,2006-02-15,2006-02-14 22:04:36.000
992,Mary,Riddle,0,7,177,2006-02-15,2006-02-14 22:04:36.000
993,John,Lee,1,7,176,2006-02-15,2006-02-14 22:04:36.000
994,David,Bailey,1,7,178,2006-02-15,2006-02-14 22:04:36.000
995,Jason,Brown,1,7,169,2006-02-15,2006-02-14 22:04:36.000
996,Kyle,Hansen,0,7,135,2006-02-15,2006-02-14 22:04:36.000
997,Jodi,Boyd,1,7,24,2006-02-15,2006-02-14 22:04:36.000
998,Brandon,Williams,1,7,49,2006-02-15,2006-02-14 22:04:36.000
999,Nicholas,Parker,1,7,136,2006-02-15,2006-02-14 22:04:36.000
1000,Lisa,Rodriguez,1,7,235,2006-02-15,2006-02-14 22:04:36.000
1001,Jimmy,Wagner,1,7,200,2006-02-15,2006-02-14 22:04:36.000
1002,Joshua,Cole,1,7,225,2006-02-15,2006-02-14 22:04:36.000
1003,Alyssa,Price,0,7,76,2006-02-15,2006-02-14 22:04:36.000
1004,Tammy,Hunter,1,7,35,2006-02-15,2006-02-14 22:04:36.000
1005,Walter,Bradford,1,7,95,2006-02-15,2006-02-14 22:04:36.000
1006,Jose,Anderson,1,7,129,2006-02-15,2006-02-14 22:04:36.000
1007,Scott,Oconnor,1,7,40,2006-02-15,2006-02-14 22:04:36.000
1008,Charles,Hester,0,7,204,2006-02-15,2006-02-14 22:04:36.000
1009,Erika,Alvarado,0,7,155,2006-02-15,2006-02-14 22:04:36.000
1010,Thomas,Mclaughlin,1,7,147,2006-02-15,2006-02-14 22:04:36.000
1011,Andrew,Jackson,1,7,51,2006-02-15,2006-02-14 22:04:36.000
1012,Thomas,Gonzalez,1,7,91,2006-02-15,2006-02-14 22:04:36.000
1013,Juan,Miller,1,7,102,2006-02-15,2006-02-14 22:04:36.000
1014,Edward,Hill,1,7,179,2006-02-15,2006-02-14 22:04:36.000
1015,Jacob,Peterson,1,7,77,2006-02-15,2006-02-14 22:04:36.000
1016,Leonard,Mills,1,7,155,2006-02-15,2006-02-14 22:04:36.000
1017,Melissa,Acosta,0,7,91,2006-02-15,2006-02-14 22:04:36.000
1018,Daniel,Harrell,0,7,228,2006-02-15,2006-02-14 22:04:36.000
1019,Ryan,Johnson,1,7,120,2006-02-15,2006-02-14 22:04:36.000
1020,Eric,Hill,1,7,215,2006-02-15,2006-02-14 22:04:36.000
1021,Amanda,Munoz,0,7,161,2006-02-15,2006-02-14 22:04:36.000
1022,Joshua,Ortiz,1,7,200,2006-02-15,2006-02-14 22:04:36.000
1023,Joseph,Barr,0,7,218,2006-02-15,2006-02-14 22:04:36.000
1024,Crystal,Mcneil,1,7,79,2006-02-15,2006-02-14 22:04:36.000
1025,Benjamin,Morgan,1,7,43,2006-02-15,2006-02-14 22:04:36.000
1026,Brooke,West,0,7,247,2006-02-15,2006-02-14 22:04:36.000
1027,Susan,Combs,0,7,156,2006-02-15,2006-02-14 22:04:36.000
1028,Lisa,Cooper,1,7,183,2006-02-15,2006-02-14 22:04:36.000
1029,Joseph,Parker,1,7,245,2006-02-15,2006-02-14 22:04:36.000
1030,Teresa,Howe,1,7,2,2006-02-15,2006-02-14 22:04:36.000
1031,Kimberly,Blankenship,1,7,180,2006-02-15,2006-02-14 22:04:36.000
1032,Eric,Wolfe,1,7,25,2006-02-15,2006-02-14 22:04:36.000
1033,Robert,Bowen,0,7,236,2006-02-15,2006-02-14 22:04:36.000
1034,Michelle,Wall,1,7,239,2006-02-15,2006-02-14 22:04:36.000
1035,Heather,Brennan,1,7,253,2006-02-15,2006-02-14 22:04:36.000
1036,David,Oneill,1,7,174,2006-02-15,2006-02-14 22:04:36.000
1037,Dustin,Johnson,1,7,170,2006-02-15,2006-02-14 22:04:36.000
1038,Joseph,Butler,0,7,103,2006-02-15,2006-02-14 22:04:36.000
1039,Katherine,Meyers,0,7,146,2006-02-15,2006-02-14 22:04:36.000
1040,Chelsea,Weiss,1,7,237,2006-02-15,2006-02-14 22:04:36.000
1041,Anthony,Chan,1,7,167,2006-02-15,2006-02-14 22:04:36.000
1042,Chad,Cook,1,7,80,2006-02-15,2006-02-14 22:04:36.000
1043,Shannon,Smith,1,7,148,2006-02-15,2006-02-14 22:04:36.000
1044,Timothy,Keller,1,7,202,2006-02-15,2006-02-14 22:04:36.000
1045,Glenda,Simpson,0,7,178,2006-02-15,2006-02-14 22:04:36.000
1046,April,Russell,1,7,145,2006-02-15,2006-02-14 22:04:36.000
1047,Nathan,Dunn,0,7,11,2006-02-15,2006-02-14 22:04:36.000
1048,Ricardo,Taylor,0,7,167,2006-02-15,2006-02-14 22:04:36.000
1049,Nicholas,Castillo,0,7,179,2006-02-15,2006-02-14 22:04:36.000
1050,Kathryn,Ballard,1,7,61,2006-02-15,2006-02-14 22:04:36.000
1051,Logan,Petersen,1,7,125,2006-02-15,2006-02-14 22:04:36.000
1052,Yolanda,Harris,1,7,196,2006-02-15,2006-02-14 22:04:36.000
1053,Patricia,Miller,1,7,34,2006-02-15,2006-02-14 22:04:36.000
1054,Lauren,Graves,1,7,96,2006-02-15,2006-02-14 22:04:36.000
1055,Diana,Walker,1,7,136,2006-02-15,2006-02-14 22:04:36.000
1056,Eric,Schroeder,1,7,38,2006-02-15,2006-02-14 22:04:36.000
1057,Kathy,Price,1,7,132,2006-02-15,2006-02-14 22:04:36.000
1058,Steven,Norris,1,7,221,2006-02-15,2006-02-14 22:04:36.000
1059,Jonathan,Jackson,0,7,107,2006-02-15,2006-02-14 22:04:36.000
1060,Juan,Allison,1,7,16,2006-02-15,2006-02-14 22:04:36.000
1061,Michael,Thornton,1,7,16,2006-02-15,2006-02-14 22:04:36.000
1062,Lisa,Baker,1,7,6,2006-02-15,2006-02-14 22:04:36.000
1063,Mark,Jacobs,1,7,41,2006-02-15,2006-02-14 22:04:36.000
1064,Wendy,Huang,1,7,230,2006-02-15,2006-02-14 22:04:36.000
1065,Steven,Burns,0,7,21,2006-02-15,2006-02-14 22:04:36.000
1066,Jonathan,Morales,1,7,160,2006-02-15,2006-02-14 22:04:36.000
1067,Mary,Miles,1,7,222,2006-02-15,2006-02-14 22:04:36.000
1068,David,Hudson,1,7,199,2006-02-15,2006-02-14 22:04:36.000
1069,Trevor,West,1,7,232,2006-02-15,2006-02-14 22:04:36.000
1070,Matthew,Arnold,1,7,188,2006-02-15,2006-02-14 22:04:36.000
1071,Michael,Burgess,1,7,162,2006-02-15,2006-02-14 22:04:36.000
1072,Kathryn,Wagner,0,7,196,2006-02-15,2006-02-14 22:04:36.000
1073,Lee,Walker,1,7,251,2006-02-15,2006-02-14 22:04:36.000
1074,Janice,Rosales,1,7,8,2006-02-15,2006-02-14 22:04:36.000
1075,Richard,Cardenas,0,7,42,2006-02-15,2006-02-14 22:04:36.000
1076,Terry,Williams,1,7,189,2006-02-15,2006-02-14 22:04:36.000
1077,Patrick,Sims,1,7,145,2006-02-15,2006-02-14 22:04:36.000
1078,Kayla,Salazar,1,7,50,2006-02-15,2006-02-14 22:04:36.000
1079,Ronald,Brock,1,7,17,2006-02-15,2006-02-14 22:04:36.000
1080,Eric,Shepard,1,7,209,2006-02-15,2006-02-14 22:04:36.000
1081,Jennifer,Cunningham,1,7,108,2006-02-15,2006-02-14 22:04:36.000
1082,Patricia,Villarreal,1,7,112,2006-02-15,2006-02-14 22:04:36.000
1083,Jessica,Foster,1,7,236,2006-02-15,2006-02-14 22:04:36.000
1084,Carol,Curtis,1,7,199,2006-02-15,2006-02-14 22:04:36.000
1085,Joanna,Callahan,0,7,224,2006-02-15,2006-02-14 22:04:36.000
1086,Anthony,Sanchez,0,7,51,2006-02-15,2006-02-14 22:04:36.000
1087,Matthew,Landry,0,7,17,2006-02-15,2006-02-14 22:04:36.000
1088,Louis,Henry,1,7,126,2006-02-15,2006-02-14 22:04:36.000
1089,John,Brown,1,7,130,2006-02-15,2006-02-14 22:04:36.000
1090,Christopher,Hall,1,7,123,2006-02-15,2006-02-14 22:04:36.000
1091,Barbara,Kennedy,1,7,37,2006-02-15,2006-02-14 22:04:36.000
1092,Joseph,Mendoza,1,7,195,2006-02-15,2006-02-14 22:04:36.000
1093,Cheryl,Delacruz,1,7,178,2006-02-15,2006-02-14 22:04:36.000
1094,Wendy,Schmidt,1,7,115,2006-02-15,2006-02-14 22:04:36.000
1095,Jill,Wilson,1,7,134,2006-02-15,2006-02-14 22:04:36.000
1096,Neil,Diaz,1,7,124,2006-02-15,2006-02-14 22:04:36.000
1097,Erik,Gonzales,1,7,49,2006-02-15,2006-02-14 22:04:36.000
1098,Alexandra,Mccoy,0,7,89,2006-02-15,2006-02-14 22:04:36.000
1099,Stacy,Atkinson,1,7,166,2006-02-15,2006-02-14 22:04:36.000
1100,George,Williams,1,7,149,2006-02-15,2006-02-14 22:04:36.000
1101,Martin,Rivers,0,7,216,2006-02-15,2006-02-14 22:04:36.000
1102,Tara,Mcclain,1,7,103,2006-02-15,2006-02-14 22:04:36.000
1103,David,Williams,1,7,55,2006-02-15,2006-02-14 22:04:36.000
1104,Nancy,Hill,1,7,117,2006-02-15,2006-02-14 22:04:36.000
1105,Christopher,Salazar,1,7,196,2006-02-15,2006-02-14 22:04:36.000
1106,Kenneth,Smith,1,7,241,2006-02-15,2006-02-14 22:04:36.000
1107,Christopher,Sullivan,1,7,189,2006-02-15,2006-02-14 22:04:36.000
1108,Desiree,Bean,1,7,2,2006-02-15,2006-02-14 22:04:36.000
1109,Tonya,Coffey,1,7,54,2006-02-15,2006-02-14 22:04:36.000
1110,Stephen,Wilson,1,7,250,2006-02-15,2006-02-14 22:04:36.000
1111,Daniel,Martinez,1,7,51,2006-02-15,2006-02-14 22:04:36.000
1112,Cynthia,Page,1,7,201,2006-02-15,2006-02-14 22:04:36.000
1113,Micheal,Howell,1,7,235,2006-02-15,2006-02-14 22:04:36.000
1114,James,Cook,1,7,121,2006-02-15,2006-02-14 22:04:36.000
1115,Derek,Marshall,1,7,179,2006-02-15,2006-02-14 22:04:36.000
1116,David,Scott,1,7,221,2006-02-15,2006-02-14 22:04:36.000
1117,Christina,Hall,0,7,158,2006-02-15,2006-02-14 22:04:36.000
1118,Brandon,Pacheco,1,7,153,2006-02-15,2006-02-14 22:04:36.000
1119,Ryan,Collins,1,7,137,2006-02-15,2006-02-14 22:04:36.000
1120,Austin,Johnson,0,7,194,2006-02-15,2006-02-14 22:04:36.000
1121,Tanya,Sandoval,1,7,39,2006-02-15,2006-02-14 22:04:36.000
1122,David,Glover,1,7,193,2006-02-15,2006-02-14 22:04:36.000
1123,Laura,Gilbert,0,7,171,2006-02-15,2006-02-14 22:04:36.000
1124,Monica,Edwards,1,7,167,2006-02-15,2006-02-14 22:04:36.000
1125,Sarah,Mercado,1,7,116,2006-02-15,2006-02-14 22:04:36.000
1126,Anthony,White,1,7,25,2006-02-15,2006-02-14 22:04:36.000
1127,Jason,Perry,1,7,78,2006-02-15,2006-02-14 22:04:36.000
1128,Benjamin,Briggs,0,7,119,2006-02-15,2006-02-14 22:04:36.000
1129,Richard,Dalton,0,7,130,2006-02-15,2006-02-14 22:04:36.000
1130,Patrick,Moore,1,7,109,2006-02-15,2006-02-14 22:04:36.000
1131,Ryan,Chandler,1,7,243,2006-02-15,2006-02-14 22:04:36.000
1132,Jacob,Coleman,1,7,110,2006-02-15,2006-02-14 22:04:36.000
1133,Michael,Foster,1,7,38,2006-02-15,2006-02-14 22:04:36.000
1134,Kimberly,Olson,1,7,162,2006-02-15,2006-02-14 22:04:36.000
1135,Daniel,Adams,1,7,188,2006-02-15,2006-02-14 22:04:36.000
1136,Laura,Rangel,1,7,112,2006-02-15,2006-02-14 22:04:36.000
1137,Jared,Rivera,1,7,143,2006-02-15,2006-02-14 22:04:36.000
1138,Thomas,Quinn,1,7,244,2006-02-15,2006-02-14 22:04:36.000
1139,Michaela,Allen,1,7,45,2006-02-15,2006-02-14 22:04:36.000
1140,Angela,Orozco,0,7,144,2006-02-15,2006-02-14 22:04:36.000
1141,Susan,Lang,1,7,13,2006-02-15,2006-02-14 22:04:36.000
1142,Jeffrey,Kent,1,7,6,2006-02-15,2006-02-14 22:04:36.000
1143,Oscar,Smith,1,7,69,2006-02-15,2006-02-14 22:04:36.000
1144,Amber,Henderson,1,7,156,2006-02-15,2006-02-14 22:04:36.000
1145,Leah,Mills,1,7,161,2006-02-15,2006-02-14 22:04:36.000
1146,Christopher,Grant,1,7,197,2006-02-15,2006-02-14 22:04:36.000
1147,Rebecca,Walker,1,7,132,2006-02-15,2006-02-14 22:04:36.000
1148,Wendy,Andrews,0,7,95,2006-02-15,2006-02-14 22:04:36.000
1149,David,Foster,1,7,169,2006-02-15,2006-02-14 22:04:36.000
1150,Shawn,Howard,0,7,8,2006-02-15,2006-02-14 22:04:36.000
1151,Jennifer,Reyes,1,7,189,2006-02-15,2006-02-14 22:04:36.000
1152,Kristopher,Cannon,1,7,198,2006-02-15,2006-02-14 22:04:36.000
1153,Madison,Parsons,1,7,254,2006-02-15,2006-02-14 22:04:36.000
1154,Keith,Martinez,0,7,230,2006-02-15,2006-02-14 22:04:36.000
1155,Rebecca,Lamb,1,7,14,2006-02-15,2006-02-14 22:04:36.000
1156,Carla,Wood,1,7,213,2006-02-15,2006-02-14 22:04:36.000
1157,Lisa,Francis,1,7,211,2006-02-15,2006-02-14 22:04:36.000
1158,Kristen,Johnson,1,7,236,2006-02-15,2006-02-14 22:04:36.000
1159,Natalie,Kim,0,7,108,2006-02-15,2006-02-14 22:04:36.000
1160,Zachary,Hall,1,7,11,2006-02-15,2006-02-14 22:04:36.000
1161,Emily,Munoz,1,7,7,2006-02-15,2006-02-14 22:04:36.000
1162,Christopher,Horton,1,7,145,2006-02-15,2006-02-14 22:04:36.000
1163,Abigail,Kelley,1,7,8,2006-02-15,2006-02-14 22:04:36.000
1164,Tammy,Jackson,1,7,72,2006-02-15,2006-02-14 22:04:36.000
1165,Matthew,Dougherty,1,7,27,2006-02-15,2006-02-14 22:04:36.000
1166,Sherry,Gutierrez,1,7,63,2006-02-15,2006-02-14 22:04:36.000
1167,Joel,Edwards,1,7,54,2006-02-15,2006-02-14 22:04:36.000
1168,Mary,Perez,1,7,97,2006-02-15,2006-02-14 22:04:36.000
1169,Stacie,Dougherty,0,7,115,2006-02-15,2006-02-14 22:04:36.000
1170,Tyler,Baker,1,7,62,2006-02-15,2006-02-14 22:04:36.000
1171,Melissa,Barker,0,7,195,2006-02-15,2006-02-14 22:04:36.000
1172,Christopher,Myers,1,7,26,2006-02-15,2006-02-14 22:04:36.000
1173,Jessica,Lane,1,7,248,2006-02-15,2006-02-14 22:04:36.000
1174,Betty,Flynn,1,7,157,2006-02-15,2006-02-14 22:04:36.000
1175,Mark,Schmidt,1,7,210,2006-02-15,2006-02-14 22:04:36.000
1176,Carolyn,Aguilar,0,7,143,2006-02-15,2006-02-14 22:04:36.000
1177,Justin,Braun,1,7,245,2006-02-15,2006-02-14 22:04:36.000
1178,Christopher,Beasley,1,7,29,2006-02-15,2006-02-14 22:04:36.000
1179,Rebecca,Long,1,7,181,2006-02-15,2006-02-14 22:04:36.000
1180,Kelsey,Miller,1,7,104,2006-02-15,2006-02-14 22:04:36.000
1181,Mary,Hernandez,1,7,219,2006-02-15,2006-02-14 22:04:36.000
1182,Nathan,Burns,0,7,43,2006-02-15,2006-02-14 22:04:36.000
1183,Yvonne,Taylor,1,7,128,2006-02-15,2006-02-14 22:04:36.000
1184,Herbert,Gomez,1,7,142,2006-02-15,2006-02-14 22:04:36.000
1185,Lisa,Chandler,0,7,69,2006-02-15,2006-02-14 22:04:36.000
1186,Michael,Fischer,0,7,124,2006-02-15,2006-02-14 22:04:36.000
1187,David,Fisher,1,7,247,2006-02-15,2006-02-14 22:04:36.000
1188,Heather,Reeves,0,7,20,2006-02-15,2006-02-14 22:04:36.000
1189,Lisa,Flynn,0,7,85,2006-02-15,2006-02-14 22:04:36.000
1190,Charles,Marshall,1,7,182,2006-02-15,2006-02-14 22:04:36.000
1191,Patricia,Martinez,0,7,132,2006-02-15,2006-02-14 22:04:36.000
1192,Robert,Stark,1,7,86,2006-02-15,2006-02-14 22:04:36.000
1193,Leah,Matthews,1,7,252,2006-02-15,2006-02-14 22:04:36.000
1194,Lance,Thomas,1,7,211,2006-02-15,2006-02-14 22:04:36.000
1195,Emma,Garcia,1,7,167,2006-02-15,2006-02-14 22:04:36.000
1196,Pamela,Young,1,7,27,2006-02-15,2006-02-14 22:04:36.000
1197,Mathew,Cunningham,0,7,34,2006-02-15,2006-02-14 22:04:36.000
1198,Mark,Duffy,0,7,97,2006-02-15,2006-02-14 22:04:36.000
1199,Brittney,French,1,7,85,2006-02-15,2006-02-14 22:04:36.000
1200,Jose,Walsh,1,7,256,2006-02-15,2006-02-14 22:04:36.000
